id,type,reportStatus
3,Alpha,pending
8,Alpha,pending
12,Gamma,pending
15,Alpha,pending
20,Alpha,pending
22,Gamma,pending
24,Beta,pending
27,Alpha,pending
29,Alpha,pending
30,Beta,pending
34,Alpha,pending
38,Alpha,pending
42,Beta,pending
45,Alpha,pending
47,Beta,pending
48,Alpha,pending
49,Beta,pending
50,Alpha,pending
52,Beta,pending
53,Alpha,pending
55,Alpha,pending
60,Gamma,pending
65,Gamma,pending
68,Beta,pending
72,Gamma,pending
73,Gamma,pending
78,Beta,pending
79,Beta,pending
84,Gamma,pending
87,Gamma,pending
89,Beta,pending
92,Gamma,pending
102,Gamma,pending
110,Beta,pending
112,Alpha,pending
115,Alpha,pending
116,Beta,pending
120,Gamma,pending
122,Beta,pending
123,Beta,pending
127,Beta,pending
129,Gamma,pending
132,Beta,pending
137,Alpha,pending
139,Beta,pending
140,Gamma,pending
145,Beta,pending
149,Gamma,pending
152,Gamma,pending
154,Gamma,pending
157,Beta,pending
160,Beta,pending
165,Beta,pending
169,Beta,pending
174,Beta,pending
175,Beta,pending
178,Beta,pending
182,Alpha,pending
185,Beta,pending
189,Alpha,pending
194,Gamma,pending
195,Alpha,pending
200,Alpha,pending
202,Beta,pending
205,Beta,pending
209,Alpha,pending
212,Alpha,pending
213,Beta,pending
218,Alpha,pending
223,Beta,pending
224,Beta,pending
227,Alpha,pending
228,Beta,pending
232,Alpha,pending
235,Alpha,pending
240,Alpha,pending
244,Alpha,pending
245,Alpha,pending
247,Beta,pending
252,Beta,pending
255,Alpha,pending
257,Alpha,pending
259,Beta,pending
262,Alpha,pending
263,Alpha,pending
265,Beta,pending
268,Beta,pending
270,Alpha,pending
273,Beta,pending
275,Gamma,pending
277,Beta,pending
280,Beta,pending
282,Alpha,pending
284,Beta,pending
285,Alpha,pending
289,Beta,pending
290,Gamma,pending
294,Beta,pending
295,Gamma,pending
298,Gamma,pending
300,Beta,pending
304,Gamma,pending
307,Gamma,pending
308,Beta,pending
310,Gamma,pending
312,Gamma,pending
314,Gamma,pending
315,Beta,pending
317,Gamma,pending
318,Gamma,pending
323,Beta,pending
327,Gamma,pending
332,Beta,pending
334,Gamma,pending
335,Gamma,pending
337,Beta,pending
342,Gamma,pending
347,Gamma,pending
350,Beta,pending
355,Gamma,pending
357,Gamma,pending
359,Beta,pending
360,Beta,pending
363,Beta,pending
364,Alpha,pending
369,Gamma,pending
372,Alpha,pending
373,Gamma,pending
377,Alpha,pending
382,Beta,pending
387,Alpha,pending
392,Alpha,pending
395,Gamma,pending
398,Alpha,pending
402,Gamma,pending
405,Alpha,pending
410,Alpha,pending
413,Alpha,pending
417,Gamma,pending
419,Alpha,pending
424,Alpha,pending
425,Gamma,pending
429,Gamma,pending
434,Alpha,pending
435,Alpha,pending
440,Alpha,pending
443,Alpha,pending
444,Beta,pending
445,Beta,pending
448,Beta,pending
449,Alpha,pending
450,Alpha,pending
453,Gamma,pending
458,Alpha,pending
462,Gamma,pending
465,Gamma,pending
468,Beta,pending
470,Beta,pending
473,Beta,pending
474,Gamma,pending
475,Alpha,pending
479,Alpha,pending
483,Gamma,pending
484,Alpha,pending
488,Gamma,pending
492,Alpha,pending
494,Gamma,pending
499,Beta,pending
502,Gamma,pending
505,Gamma,pending
507,Gamma,pending
509,Gamma,pending
514,Beta,pending
519,Gamma,pending
522,Gamma,pending
523,Gamma,pending
525,Beta,pending
530,Gamma,pending
533,Beta,pending
534,Beta,pending
538,Beta,pending
540,Beta,pending
543,Gamma,pending
547,Beta,pending
552,Gamma,pending
554,Beta,pending
557,Gamma,pending
558,Beta,pending
560,Beta,pending
565,Gamma,pending
568,Beta,pending
570,Beta,pending
574,Gamma,pending
578,Gamma,pending
583,Gamma,pending
588,Alpha,pending
590,Alpha,pending
594,Gamma,pending
595,Alpha,pending
597,Alpha,pending
599,Gamma,pending
602,Beta,pending
607,Beta,pending
609,Gamma,pending
612,Beta,pending
615,Gamma,pending
618,Gamma,pending
619,Gamma,pending
620,Gamma,pending
624,Alpha,pending
627,Alpha,pending
632,Alpha,pending
637,Alpha,pending
640,Alpha,pending
645,Alpha,pending
649,Gamma,pending
650,Beta,pending
653,Gamma,pending
655,Beta,pending
659,Gamma,pending
660,Beta,pending
662,Gamma,pending
665,Beta,pending
668,Beta,pending
670,Beta,pending
673,Gamma,pending
674,Gamma,pending
675,Beta,pending
678,Alpha,pending
680,Gamma,pending
682,Alpha,pending
684,Gamma,pending
689,Alpha,pending
693,Alpha,pending
694,Beta,pending
699,Beta,pending
700,Alpha,pending
702,Beta,pending
705,Alpha,pending
709,Beta,pending
710,Alpha,pending
712,Beta,pending
715,Alpha,pending
718,Alpha,pending
722,Alpha,pending
727,Alpha,pending
730,Gamma,pending
733,Gamma,pending
738,Gamma,pending
740,Alpha,pending
744,Gamma,pending
748,Alpha,pending
750,Alpha,pending
753,Alpha,pending
758,Alpha,pending
760,Alpha,pending
762,Alpha,pending
764,Gamma,pending
773,Alpha,pending
775,Alpha,pending
777,Alpha,pending
778,Beta,pending
783,Beta,pending
785,Alpha,pending
789,Beta,pending
794,Alpha,pending
795,Gamma,pending
800,Alpha,pending
805,Alpha,pending
807,Gamma,pending
812,Alpha,pending
813,Alpha,pending
818,Alpha,pending
819,Alpha,pending
823,Alpha,pending
828,Gamma,pending
829,Alpha,pending
830,Gamma,pending
833,Alpha,pending
835,Alpha,pending
837,Alpha,pending
842,Gamma,pending
844,Alpha,pending
849,Alpha,pending
852,Alpha,pending
854,Gamma,pending
859,Alpha,pending
860,Alpha,pending
865,Alpha,pending
867,Alpha,pending
869,Gamma,pending
870,Alpha,pending
874,Alpha,pending
877,Gamma,pending
882,Gamma,pending
885,Gamma,pending
889,Gamma,pending
890,Alpha,pending
893,Gamma,pending
894,Alpha,pending
898,Gamma,pending
902,Gamma,pending
903,Alpha,pending
905,Alpha,pending
910,Alpha,pending
913,Alpha,pending
918,Gamma,pending
919,Beta,pending
920,Beta,pending
922,Beta,pending
925,Gamma,pending
929,Alpha,pending
932,Alpha,pending
937,Beta,pending
939,Beta,pending
943,Beta,pending
944,Beta,pending
949,Beta,pending
950,Beta,pending
955,Alpha,pending
958,Alpha,pending
959,Gamma,pending
962,Alpha,pending
967,Gamma,pending
969,Alpha,pending
974,Gamma,pending
977,Alpha,pending
979,Alpha,pending
980,Alpha,pending
989,Alpha,pending
994,Beta,pending
997,Gamma,pending
998,Alpha,pending
999,Beta,pending
1002,Beta,pending
1004,Alpha,pending
1008,Gamma,pending
1010,Alpha,pending
1014,Alpha,pending
1017,Gamma,pending
1019,Alpha,pending
1022,Alpha,pending
1025,Gamma,pending
1028,Alpha,pending
1036,Gamma,pending
1039,Alpha,pending
1044,Alpha,pending
1046,Alpha,pending
1047,Gamma,pending
1051,Alpha,pending
1056,Alpha,pending
1059,Alpha,pending
1061,Gamma,pending
1064,Gamma,pending
1067,Gamma,pending
1080,Beta,pending
1081,Gamma,pending
1082,Beta,pending
1084,Gamma,pending
1089,Gamma,pending
1091,Gamma,pending
1096,Gamma,pending
1101,Beta,pending
1105,Gamma,pending
1109,Gamma,pending
1114,Beta,pending
1119,Gamma,pending
1124,Gamma,pending
1126,Gamma,pending
1130,Alpha,pending
1134,Gamma,pending
1137,Gamma,pending
1139,Gamma,pending
1140,Gamma,pending
1144,Alpha,pending
1146,Gamma,pending
1147,Gamma,pending
1152,Alpha,pending
1154,Gamma,pending
1156,Gamma,pending
1160,Gamma,pending
1165,Gamma,pending
1170,Alpha,pending
1175,Alpha,pending
1177,Gamma,pending
1179,Gamma,pending
1184,Alpha,pending
1189,Gamma,pending
1191,Gamma,pending
1194,Alpha,pending
1205,Gamma,pending
1206,Alpha,pending
1209,Gamma,pending
1212,Alpha,pending
1217,Beta,pending
1220,Alpha,pending
1225,Beta,pending
1230,Alpha,pending
1231,Alpha,pending
1232,Gamma,pending
1234,Alpha,pending
1236,Alpha,pending
1237,Gamma,pending
1239,Alpha,pending
1241,Beta,pending
1246,Beta,pending
1249,Alpha,pending
1252,Alpha,pending
1255,Gamma,pending
1257,Gamma,pending
1262,Alpha,pending
1265,Alpha,pending
1267,Alpha,pending
1269,Gamma,pending
1271,Alpha,pending
1275,Alpha,pending
1279,Gamma,pending
1280,Alpha,pending
1282,Alpha,pending
1284,Alpha,pending
1286,Gamma,pending
1289,Alpha,pending
1290,Alpha,pending
1294,Gamma,pending
1299,Alpha,pending
1300,Gamma,pending
1304,Alpha,pending
1309,Gamma,pending
1311,Alpha,pending
1314,Alpha,pending
1317,Gamma,pending
1319,Alpha,pending
1322,Alpha,pending
1324,Alpha,pending
1329,Alpha,pending
1332,Gamma,pending
1337,Gamma,pending
1342,Alpha,pending
1344,Alpha,pending
1359,Alpha,pending
1360,Beta,pending
1365,Gamma,pending
1368,Alpha,pending
1372,Alpha,pending
1377,Alpha,pending
1380,Gamma,pending
1384,Alpha,pending
1388,Alpha,pending
1392,Beta,pending
1393,Alpha,pending
1398,Alpha,pending
1400,Alpha,pending
1403,Alpha,pending
1408,Gamma,pending
1413,Beta,pending
1415,Beta,pending
1420,Beta,pending
1423,Alpha,pending
1424,Beta,pending
1428,Beta,pending
1429,Alpha,pending
1430,Beta,pending
1434,Beta,pending
1439,Beta,pending
1444,Alpha,pending
1445,Alpha,pending
1448,Beta,pending
1452,Alpha,pending
1457,Gamma,pending
1462,Alpha,pending
1464,Gamma,pending
1467,Alpha,pending
1469,Alpha,pending
1473,Beta,pending
1477,Beta,pending
1479,Beta,pending
1482,Beta,pending
1485,Beta,pending
1489,Beta,pending
1494,Beta,pending
1498,Beta,pending
1503,Alpha,pending
1508,Alpha,pending
1513,Alpha,pending
1518,Alpha,pending
1520,Beta,pending
1523,Gamma,pending
1528,Alpha,pending
1529,Beta,pending
1534,Alpha,pending
1539,Alpha,pending
1543,Beta,pending
1545,Alpha,pending
1550,Beta,pending
1553,Alpha,pending
1555,Beta,pending
1557,Alpha,pending
1558,Gamma,pending
1560,Beta,pending
1564,Gamma,pending
1565,Gamma,pending
1569,Gamma,pending
1570,Beta,pending
1574,Gamma,pending
1575,Gamma,pending
1578,Gamma,pending
1582,Gamma,pending
1584,Gamma,pending
1585,Gamma,pending
1589,Gamma,pending
1594,Gamma,pending
1597,Alpha,pending
1602,Beta,pending
1603,Alpha,pending
1607,Alpha,pending
1608,Beta,pending
1612,Alpha,pending
1613,Beta,pending
1617,Alpha,pending
1620,Gamma,pending
1623,Beta,pending
1624,Beta,pending
1627,Beta,pending
1628,Gamma,pending
1629,Gamma,pending
1634,Beta,pending
1635,Beta,pending
1639,Beta,pending
1643,Beta,pending
1647,Alpha,pending
1648,Alpha,pending
1649,Alpha,pending
1650,Alpha,pending
1654,Alpha,pending
1659,Alpha,pending
1662,Gamma,pending
1667,Alpha,pending
1668,Alpha,pending
1670,Alpha,pending
1673,Gamma,pending
1677,Alpha,pending
1682,Gamma,pending
1683,Alpha,pending
1685,Alpha,pending
1688,Alpha,pending
1689,Gamma,pending
1690,Alpha,pending
1694,Alpha,pending
1695,Alpha,pending
1700,Alpha,pending
1702,Beta,pending
1705,Beta,pending
1709,Beta,pending
1712,Beta,pending
1713,Beta,pending
1717,Beta,pending
1719,Beta,pending
1720,Beta,pending
1724,Beta,pending
1725,Beta,pending
1728,Beta,pending
1730,Beta,pending
1734,Beta,pending
1737,Beta,pending
1738,Beta,pending
1740,Alpha,pending
1743,Gamma,pending
1748,Alpha,pending
1752,Alpha,pending
1755,Gamma,pending
1757,Alpha,pending
1758,Alpha,pending
1762,Alpha,pending
1763,Alpha,pending
1804,Alpha,pending
1809,Alpha,pending
1812,Gamma,pending
1815,Alpha,pending
1820,Gamma,pending
1822,Alpha,pending
1825,Alpha,pending
1827,Gamma,pending
1828,Alpha,pending
1829,Gamma,pending
1830,Gamma,pending
1835,Gamma,pending
1840,Gamma,pending
1844,Gamma,pending
1845,Gamma,pending
1847,Gamma,pending
1849,Gamma,pending
1852,Alpha,pending
1854,Beta,pending
1855,Beta,pending
1857,Alpha,pending
1858,Alpha,pending
1863,Alpha,pending
1868,Alpha,pending
1872,Gamma,pending
1875,Gamma,pending
1879,Gamma,pending
1880,Alpha,pending
1885,Alpha,pending
1889,Alpha,pending
1890,Beta,pending
1893,Alpha,pending
1894,Alpha,pending
1895,Gamma,pending
1897,Beta,pending
1900,Beta,pending
1904,Alpha,pending
1907,Alpha,pending
1908,Alpha,pending
1910,Gamma,pending
1912,Gamma,pending
1914,Alpha,pending
1915,Alpha,pending
1920,Alpha,pending
1922,Gamma,pending
1925,Alpha,pending
1929,Alpha,pending
1933,Gamma,pending
1938,Alpha,pending
1943,Alpha,pending
1945,Alpha,pending
1949,Gamma,pending
1950,Alpha,pending
1965,Alpha,pending
1967,Gamma,pending
1968,Beta,pending
1978,Alpha,pending
1980,Beta,pending
1984,Beta,pending
1988,Gamma,pending
1992,Alpha,pending
1997,Alpha,pending
1998,Alpha,pending
2003,Gamma,pending
2007,Alpha,pending
2012,Alpha,pending
2014,Alpha,pending
2019,Beta,pending
2022,Beta,pending
2023,Beta,pending
2027,Gamma,pending
2029,Gamma,pending
2033,Gamma,pending
2035,Alpha,pending
2037,Gamma,pending
2039,Alpha,pending
2040,Gamma,pending
2044,Gamma,pending
2047,Alpha,pending
2049,Alpha,pending
2054,Beta,pending
2058,Gamma,pending
2063,Alpha,pending
2068,Alpha,pending
2072,Gamma,pending
2074,Alpha,pending
2075,Alpha,pending
2080,Gamma,pending
2083,Alpha,pending
2085,Gamma,pending
2088,Alpha,pending
2093,Beta,pending
2098,Beta,pending
2102,Beta,pending
2103,Beta,pending
2105,Beta,pending
2107,Beta,pending
2108,Beta,pending
2112,Alpha,pending
2117,Alpha,pending
2119,Gamma,pending
2124,Alpha,pending
2125,Alpha,pending
2130,Gamma,pending
2135,Gamma,pending
2140,Gamma,pending
2144,Gamma,pending
2148,Gamma,pending
2152,Gamma,pending
2157,Gamma,pending
2159,Gamma,pending
2160,Gamma,pending
2165,Gamma,pending
2169,Gamma,pending
2174,Gamma,pending
2178,Alpha,pending
2180,Alpha,pending
2183,Alpha,pending
2188,Alpha,pending
2193,Gamma,pending
2194,Alpha,pending
2199,Alpha,pending
2204,Gamma,pending
2208,Alpha,pending
2213,Alpha,pending
2218,Gamma,pending
2222,Alpha,pending
2223,Gamma,pending
2227,Alpha,pending
2229,Gamma,pending
2234,Alpha,pending
2238,Alpha,pending
2239,Alpha,pending
2243,Alpha,pending
2248,Gamma,pending
2250,Gamma,pending
2254,Alpha,pending
2258,Alpha,pending
2262,Alpha,pending
2267,Alpha,pending
2268,Gamma,pending
2272,Gamma,pending
2277,Alpha,pending
2280,Alpha,pending
2283,Gamma,pending
2284,Gamma,pending
2285,Alpha,pending
2289,Alpha,pending
2292,Gamma,pending
2293,Alpha,pending
2295,Alpha,pending
2299,Gamma,pending
2302,Alpha,pending
2305,Alpha,pending
2320,Alpha,pending
2322,Beta,pending
2325,Gamma,pending
2328,Alpha,pending
2330,Alpha,pending
2334,Gamma,pending
2337,Alpha,pending
2340,Alpha,pending
2343,Alpha,pending
2344,Alpha,pending
2347,Gamma,pending
2350,Gamma,pending
2355,Alpha,pending
2357,Alpha,pending
2360,Gamma,pending
2365,Gamma,pending
2367,Alpha,pending
2368,Alpha,pending
2369,Gamma,pending
2370,Beta,pending
2373,Gamma,pending
2377,Beta,pending
2380,Beta,pending
2384,Gamma,pending
2387,Gamma,pending
2388,Gamma,pending
2393,Alpha,pending
2398,Gamma,pending
2399,Alpha,pending
2403,Gamma,pending
2404,Beta,pending
2409,Beta,pending
2410,Alpha,pending
2414,Beta,pending
2419,Beta,pending
2422,Alpha,pending
2425,Beta,pending
2428,Beta,pending
2433,Alpha,pending
2434,Alpha,pending
2435,Gamma,pending
2439,Gamma,pending
2442,Alpha,pending
2444,Alpha,pending
2449,Gamma,pending
2454,Alpha,pending
2457,Alpha,pending
2460,Gamma,pending
2462,Alpha,pending
2465,Alpha,pending
2469,Gamma,pending
2474,Alpha,pending
2479,Alpha,pending
2483,Beta,pending
2485,Beta,pending
2489,Beta,pending
2490,Beta,pending
2492,Beta,pending
2497,Alpha,pending
2505,Alpha,pending
2507,Alpha,pending
2508,Gamma,pending
2510,Alpha,pending
2514,Alpha,pending
2515,Gamma,pending
2517,Alpha,pending
2520,Alpha,pending
2524,Alpha,pending
2529,Gamma,pending
2530,Gamma,pending
2535,Alpha,pending
2540,Alpha,pending
2544,Gamma,pending
2547,Alpha,pending
2549,Alpha,pending
2554,Alpha,pending
2555,Alpha,pending
2558,Alpha,pending
2560,Gamma,pending
2565,Alpha,pending
2568,Gamma,pending
2573,Alpha,pending
2578,Gamma,pending
2580,Alpha,pending
2584,Alpha,pending
2589,Alpha,pending
2593,Gamma,pending
2594,Alpha,pending
2595,Gamma,pending
2597,Alpha,pending
2600,Alpha,pending
2605,Alpha,pending
2609,Beta,pending
2612,Beta,pending
2615,Alpha,pending
2619,Alpha,pending
2623,Gamma,pending
2627,Alpha,pending
2632,Alpha,pending
2635,Alpha,pending
2639,Alpha,pending
2644,Alpha,pending
2647,Alpha,pending
2650,Gamma,pending
2652,Alpha,pending
2654,Alpha,pending
2658,Gamma,pending
2659,Alpha,pending
2663,Gamma,pending
2664,Alpha,pending
2668,Alpha,pending
2669,Gamma,pending
2674,Alpha,pending
2679,Alpha,pending
2680,Alpha,pending
2684,Alpha,pending
2687,Alpha,pending
2689,Gamma,pending
2693,Alpha,pending
2695,Gamma,pending
2700,Alpha,pending
2705,Gamma,pending
2708,Alpha,pending
2710,Alpha,pending
2713,Beta,pending
2718,Beta,pending
2719,Alpha,pending
2724,Beta,pending
2728,Beta,pending
2732,Beta,pending
2735,Beta,pending
2738,Beta,pending
2740,Alpha,pending
2743,Alpha,pending
2747,Gamma,pending
2750,Alpha,pending
2752,Alpha,pending
2754,Beta,pending
2755,Alpha,pending
2758,Gamma,pending
2760,Gamma,pending
2765,Alpha,pending
2767,Alpha,pending
2770,Gamma,pending
2772,Alpha,pending
2775,Gamma,pending
2780,Alpha,pending
2784,Alpha,pending
2785,Alpha,pending
2787,Beta,pending
2789,Beta,pending
2793,Beta,pending
2794,Alpha,pending
2795,Alpha,pending
2800,Gamma,pending
2803,Gamma,pending
2807,Alpha,pending
2809,Alpha,pending
2810,Gamma,pending
2815,Alpha,pending
2820,Alpha,pending
2822,Alpha,pending
2825,Gamma,pending
2830,Alpha,pending
2834,Gamma,pending
2837,Gamma,pending
2839,Gamma,pending
2842,Gamma,pending
2847,Alpha,pending
2849,Gamma,pending
2853,Gamma,pending
2858,Beta,pending
2860,Beta,pending
2864,Beta,pending
2869,Gamma,pending
2872,Beta,pending
2875,Beta,pending
2880,Beta,pending
2883,Gamma,pending
2884,Beta,pending
2889,Gamma,pending
2892,Beta,pending
2897,Gamma,pending
2898,Gamma,pending
2900,Beta,pending
2902,Beta,pending
2905,Alpha,pending
2909,Alpha,pending
2912,Gamma,pending
2915,Alpha,pending
2919,Alpha,pending
2923,Gamma,pending
2924,Gamma,pending
2928,Beta,pending
2929,Gamma,pending
2932,Gamma,pending
2933,Beta,pending
2935,Alpha,pending
2939,Gamma,pending
2940,Alpha,pending
2944,Gamma,pending
2948,Gamma,pending
2949,Beta,pending
2953,Gamma,pending
2958,Gamma,pending
2962,Gamma,pending
2963,Gamma,pending
2965,Gamma,pending
2968,Gamma,pending
2970,Gamma,pending
2974,Gamma,pending
2979,Gamma,pending
2982,Gamma,pending
2984,Alpha,pending
2989,Alpha,pending
2993,Gamma,pending
2997,Beta,pending
2999,Beta,pending
3004,Beta,pending
3007,Beta,pending
3009,Beta,pending
3010,Alpha,pending
3015,Alpha,pending
3019,Gamma,pending
3020,Beta,pending
3023,Beta,pending
3025,Beta,pending
3034,Beta,pending
3037,Alpha,pending
3042,Beta,pending
3044,Beta,pending
3045,Alpha,pending
3047,Gamma,pending
3049,Gamma,pending
3054,Gamma,pending
3055,Gamma,pending
3058,Beta,pending
3059,Beta,pending
3060,Alpha,pending
3065,Beta,pending
3068,Beta,pending
3069,Beta,pending
3072,Beta,pending
3074,Beta,pending
3075,Beta,pending
3078,Alpha,pending
3082,Alpha,pending
3087,Beta,pending
3092,Alpha,pending
3097,Beta,pending
3100,Alpha,pending
3104,Beta,pending
3109,Alpha,pending
3112,Beta,pending
3119,Alpha,pending
3120,Alpha,pending
3122,Alpha,pending
3124,Alpha,pending
3128,Gamma,pending
3132,Alpha,pending
3133,Alpha,pending
3137,Alpha,pending
3145,Alpha,pending
3147,Alpha,pending
3149,Alpha,pending
3152,Alpha,pending
3155,Alpha,pending
3160,Gamma,pending
3162,Alpha,pending
3163,Gamma,pending
3165,Gamma,pending
3167,Beta,pending
3169,Beta,pending
3170,Gamma,pending
3173,Beta,pending
3177,Gamma,pending
3178,Beta,pending
3179,Gamma,pending
3182,Beta,pending
3184,Gamma,pending
3188,Gamma,pending
3193,Gamma,pending
3194,Beta,pending
3195,Gamma,pending
3197,Beta,pending
3199,Gamma,pending
3204,Gamma,pending
3208,Alpha,pending
3209,Alpha,pending
3213,Gamma,pending
3217,Gamma,pending
3219,Alpha,pending
3220,Alpha,pending
3224,Gamma,pending
3225,Alpha,pending
3228,Alpha,pending
3232,Alpha,pending
3234,Beta,pending
3239,Beta,pending
3243,Beta,pending
3245,Beta,pending
3248,Gamma,pending
3252,Alpha,pending
3255,Alpha,pending
3257,Beta,pending
3259,Beta,pending
3263,Beta,pending
3268,Beta,pending
3269,Beta,pending
3273,Alpha,pending
3275,Alpha,pending
3277,Beta,pending
3280,Beta,pending
3282,Beta,pending
3287,Beta,pending
3292,Beta,pending
3294,Beta,pending
3299,Beta,pending
3304,Beta,pending
3308,Alpha,pending
3310,Beta,pending
3314,Alpha,pending
3318,Alpha,pending
3320,Alpha,pending
3323,Beta,pending
3327,Beta,pending
3328,Alpha,pending
3330,Gamma,pending
3333,Alpha,pending
3335,Alpha,pending
3338,Gamma,pending
3342,Beta,pending
3343,Beta,pending
3344,Gamma,pending
3349,Alpha,pending
3354,Alpha,pending
3359,Gamma,pending
3360,Alpha,pending
3363,Gamma,pending
3365,Alpha,pending
3368,Alpha,pending
3369,Gamma,pending
3374,Alpha,pending
3377,Alpha,pending
3379,Gamma,pending
3383,Alpha,pending
3387,Gamma,pending
3388,Alpha,pending
3393,Alpha,pending
3397,Alpha,pending
3409,Alpha,pending
3414,Alpha,pending
3420,Gamma,pending
3424,Gamma,pending
3433,Alpha,pending
3434,Gamma,pending
3439,Alpha,pending
3442,Alpha,pending
3443,Gamma,pending
3450,Gamma,pending
3452,Alpha,pending
3453,Gamma,pending
3468,Alpha,pending
3469,Gamma,pending
3474,Alpha,pending
3475,Gamma,pending
3478,Gamma,pending
3479,Alpha,pending
3483,Gamma,pending
3484,Alpha,pending
3485,Gamma,pending
3487,Beta,pending
3499,Alpha,pending
3502,Beta,pending
3503,Alpha,pending
3507,Beta,pending
3508,Gamma,pending
3513,Gamma,pending
3518,Alpha,pending
3523,Alpha,pending
3528,Alpha,pending
3530,Alpha,pending
3532,Gamma,pending
3542,Alpha,pending
3543,Gamma,pending
3544,Gamma,pending
3549,Alpha,pending
3559,Alpha,pending
3564,Gamma,pending
3565,Gamma,pending
3567,Alpha,pending
3572,Gamma,pending
3577,Alpha,pending
3582,Alpha,pending
3583,Gamma,pending
3599,Alpha,pending
3608,Alpha,pending
3610,Gamma,pending
3613,Gamma,pending
3625,Alpha,pending
3629,Gamma,pending
3632,Gamma,pending
3634,Alpha,pending
3635,Gamma,pending
3643,Alpha,pending
3645,Gamma,pending
3650,Alpha,pending
3660,Gamma,pending
3663,Alpha,pending
3665,Alpha,pending
3668,Gamma,pending
3670,Alpha,pending
3675,Alpha,pending
3684,Beta,pending
3688,Alpha,pending
3692,Alpha,pending
3695,Beta,pending
3699,Gamma,pending
3704,Alpha,pending
3707,Alpha,pending
3708,Gamma,pending
3710,Alpha,pending
3714,Gamma,pending
3719,Alpha,pending
3724,Alpha,pending
3725,Gamma,pending
3728,Alpha,pending
3730,Alpha,pending
3734,Gamma,pending
3735,Alpha,pending
3739,Alpha,pending
3743,Gamma,pending
3748,Beta,pending
3749,Beta,pending
3762,Alpha,pending
3767,Beta,pending
3778,Alpha,pending
3783,Gamma,pending
3793,Gamma,pending
3795,Gamma,pending
3798,Alpha,pending
3802,Alpha,pending
3807,Alpha,pending
3809,Beta,pending
3813,Beta,pending
3818,Beta,pending
3823,Alpha,pending
3828,Alpha,pending
3832,Alpha,pending
3837,Beta,pending
3838,Alpha,pending
3842,Alpha,pending
3845,Alpha,pending
3850,Beta,pending
3852,Alpha,pending
3853,Beta,pending
3854,Alpha,pending
3855,Beta,pending
3858,Alpha,pending
3859,Alpha,pending
3860,Beta,pending
3864,Alpha,pending
3868,Beta,pending
3869,Beta,pending
3882,Alpha,pending
3887,Alpha,pending
3888,Gamma,pending
3890,Alpha,pending
3893,Gamma,pending
3894,Gamma,pending
3899,Gamma,pending
3900,Gamma,pending
3902,Gamma,pending
3903,Gamma,pending
3905,Gamma,pending
3907,Gamma,pending
3910,Gamma,pending
3914,Gamma,pending
3917,Gamma,pending
3919,Gamma,pending
3922,Gamma,pending
3927,Gamma,pending
3945,Gamma,pending
3947,Alpha,pending
3949,Gamma,pending
3959,Alpha,pending
3962,Gamma,pending
3972,Alpha,pending
3973,Gamma,pending
3974,Beta,pending
3975,Beta,pending
3977,Beta,pending
3980,Gamma,pending
3983,Gamma,pending
3988,Gamma,pending
3993,Gamma,pending
4004,Alpha,pending
4005,Beta,pending
4010,Alpha,pending
4012,Beta,pending
4017,Beta,pending
4019,Beta,pending
4020,Alpha,pending
4025,Alpha,pending
4029,Alpha,pending
4033,Gamma,pending
4038,Alpha,pending
4043,Alpha,pending
4044,Beta,pending
4045,Alpha,pending
4049,Gamma,pending
4053,Beta,pending
4054,Gamma,pending
4057,Alpha,pending
4058,Gamma,pending
4059,Beta,pending
4060,Alpha,pending
4063,Alpha,pending
4068,Beta,pending
4072,Gamma,pending
4073,Alpha,pending
4077,Beta,pending
4080,Gamma,pending
4084,Gamma,pending
4085,Beta,pending
4089,Alpha,pending
4093,Beta,pending
4098,Gamma,pending
4100,Alpha,pending
4104,Beta,pending
4105,Alpha,pending
4107,Gamma,pending
4110,Gamma,pending
4113,Beta,pending
4118,Alpha,pending
4142,Alpha,pending
4144,Alpha,pending
4149,Gamma,pending
4150,Beta,pending
4152,Alpha,pending
4153,Alpha,pending
4154,Beta,pending
4174,Alpha,pending
4175,Alpha,pending
4180,Gamma,pending
4182,Alpha,pending
4185,Gamma,pending
4190,Alpha,pending
4194,Alpha,pending
4197,Alpha,pending
4203,Alpha,pending
4207,Gamma,pending
4210,Gamma,pending
4224,Gamma,pending
4225,Gamma,pending
4229,Beta,pending
4233,Gamma,pending
4235,Gamma,pending
4237,Beta,pending
4239,Gamma,pending
4242,Beta,pending
4247,Gamma,pending
4248,Gamma,pending
4250,Beta,pending
4252,Gamma,pending
4253,Gamma,pending
4255,Gamma,pending
4258,Alpha,pending
4259,Alpha,pending
4264,Gamma,pending
4268,Alpha,pending
4272,Alpha,pending
4275,Gamma,pending
4279,Gamma,pending
4280,Alpha,pending
4282,Alpha,pending
4283,Gamma,pending
4287,Alpha,pending
4289,Alpha,pending
4294,Alpha,pending
4297,Alpha,pending
4302,Gamma,pending
4305,Alpha,pending
4310,Alpha,pending
4312,Beta,pending
4313,Alpha,pending
4317,Gamma,pending
4318,Beta,pending
4322,Gamma,pending
4323,Alpha,pending
4327,Beta,pending
4328,Beta,pending
4333,Beta,pending
4334,Alpha,pending
4337,Alpha,pending
4338,Gamma,pending
4339,Gamma,pending
4343,Alpha,pending
4348,Alpha,pending
4349,Beta,pending
4353,Alpha,pending
4355,Gamma,pending
4360,Alpha,pending
4363,Alpha,pending
4365,Gamma,pending
4369,Beta,pending
4370,Beta,pending
4377,Alpha,pending
4378,Alpha,pending
4383,Alpha,pending
4385,Alpha,pending
4388,Alpha,pending
4392,Gamma,pending
4393,Beta,pending
4398,Gamma,pending
4402,Beta,pending
4403,Gamma,pending
4405,Beta,pending
4407,Beta,pending
4410,Gamma,pending
4412,Alpha,pending
4413,Alpha,pending
4415,Alpha,pending
4420,Alpha,pending
4422,Alpha,pending
4423,Alpha,pending
4425,Alpha,pending
4427,Alpha,pending
4428,Beta,pending
4430,Gamma,pending
4435,Beta,pending
4437,Gamma,pending
4442,Beta,pending
4443,Alpha,pending
4447,Alpha,pending
4450,Alpha,pending
4453,Gamma,pending
4455,Alpha,pending
4460,Alpha,pending
4462,Alpha,pending
4463,Alpha,pending
4467,Gamma,pending
4472,Alpha,pending
4477,Alpha,pending
4480,Gamma,pending
4482,Alpha,pending
4487,Alpha,pending
4490,Beta,pending
4492,Beta,pending
4495,Beta,pending
4500,Alpha,pending
4505,Alpha,pending
4510,Alpha,pending
4512,Alpha,pending
4515,Alpha,pending
4518,Alpha,pending
4520,Alpha,pending
4523,Alpha,pending
4528,Alpha,pending
4532,Alpha,pending
4537,Alpha,pending
4538,Beta,pending
4540,Beta,pending
4543,Beta,pending
4545,Beta,pending
4547,Alpha,pending
4552,Alpha,pending
4555,Alpha,pending
4557,Beta,pending
4558,Alpha,pending
4562,Beta,pending
4567,Alpha,pending
4568,Alpha,pending
4570,Gamma,pending
4573,Gamma,pending
4577,Gamma,pending
4580,Alpha,pending
4585,Alpha,pending
4588,Beta,pending
4592,Beta,pending
4595,Alpha,pending
4598,Beta,pending
4603,Beta,pending
4608,Beta,pending
4612,Alpha,pending
4615,Beta,pending
4620,Alpha,pending
4623,Beta,pending
4625,Beta,pending
4628,Beta,pending